Date,Data center,Construction status,Power (MW),H100 equivalents,Buildings operational,Total capital cost (2025 USD billions),Compute cost (2025 USD billions),Construction cost (2025 USD billions),Building area (square feet),Site area (square feet),Water use (MGD),Performance (8-bit OP/s)
2016-09-20,Alibaba Zhangbei Zhangjiakou Hebei,Land clearing begins for Building 1-5,0.0,0.0,0,0.0,0.0,0.0,,,,0
2018-01-28,Alibaba Zhangbei Zhangjiakou Hebei,"Building 1-3 operational, based on default roof-to-operational time.",76.0,4266.414457772647,3,2.4248485053,1.647527283,0.7773212223,,,,8443234211932070000
2020-06-19,Alibaba Zhangbei Zhangjiakou Hebei,"Building 4-5 operational, based on default roof-to-operational time. Land clearing begins for Building 11-20, and for Building 6-10 (assumed based on Building 11-12 being in similar state on 2021-03-16).",108.0,6063.66851945427,5,3.4463312669999997,2.341558566,1.104772701,,,,12000000000000000000
2021-12-13,Alibaba Zhangbei Zhangjiakou Hebei,"Building 6-10 operational, based on default roof-to-operational time for the last building. We assume they become operational at the same time due to the bridges between the buildings.",183.0,16733.168872739618,10,5.83247016,3.962785178,1.869684982,,,,33114941199151700000
2022-03-16,Alibaba Zhangbei Zhangjiakou Hebei,"Building 11, 12, and 15 are operational. Based on default roof-to-operational time for the last building, and all components of the buildings looking complete. We assume the buildings become operational at the same time due to the bridges between the buildings.",231.0,23655.836533153615,13,7.380663234,5.014681956,2.365981278,,,,46814900499111000000
2024-07-23,Alibaba Zhangbei Zhangjiakou Hebei,New chiller configuration starts getting installed on Building 16-20.,231.0,23655.836533153615,13,7.380663234,5.014681956,2.365981278,,,,46814900499111000000
2025-07-04,Alibaba Zhangbei Zhangjiakou Hebei,"Confirmation that Building 6-10 look complete, no visible construction on them.",231.0,23655.836533153615,13,7.380663234,5.014681956,2.365981278,,,,46814900499111000000
2025-09-17,Alibaba Zhangbei Zhangjiakou Hebei,"Large substation is visibly connected to transmission lines. New chillers look fully installed on Building 16-18. Chillers have also been installed on Building 14, using the old design. Since power and cooling is apparently in place, we expect Building 14 and 16-18 are operational. Chillers are almost installed on Building 13, 19, 20, with construction equipment still around the building.",339.0,94402.12538685954,17,10.836244557,7.362525335,3.473719222,,,,186821806140595000000
2026-01-03,Alibaba Zhangbei Zhangjiakou Hebei,"Expect Building 13, 19, and 20 have finished upgrading with new chillers.",432.0,154691.9804593229,20,13.781084499,9.363353072,4.417731427,,,,306135429329000000000
2023-10-02,Amazon Canton Mississippi,Land clearing begins,0.0,0.0,0,0.0,0.0,0.0,,,,0
2025-03-11,Amazon Canton Mississippi,Generators and chillers still being installed on buildings 1-5.,0.0,0.0,0,0.0,0.0,0.0,,,,0
2025-06-23,Amazon Canton Mississippi,"Buildings 1-5 are operational, based on roofs being completed 5 months ago and generators being installed by 2025-04-10.",341.0,214348.14354550533,5,10.894283791,7.40195923,3.492324561,,,,424194976076555000000
2025-10-04,Amazon Canton Mississippi,Confirmation that five buildings are fully equipped with cooling and backup generators.,341.0,214348.14354550533,5,10.894283791,7.40195923,3.492324561,,,,424194976076555000000
2026-09-18,Amazon Canton Mississippi,"Buildings 1-12 are operational. The outline of buildings 1-5 was evident on 2024-05-19 and estimated to be operational 1 year later. Assuming the same timeline, buildings 6-12 should be complete by 2026-09-18. This also roughly aligns with [expected completion by 2027](https://www.datacenterdynamics.com/en/news/aws-confirmed-as-company-behind-10bn-mississippi-data-center-development/)",819.0,514435.54450921173,12,26.146281097,17.76470215,8.381578947,,,,1.01806794258373e+21
2024-02-24,Amazon Ridgeland Mississippi,Land clearing begins,0.0,0.0,0,0.0,0.0,0.0,,,,0
2025-10-04,Amazon Ridgeland Mississippi,Roof complete on Buildings 3,0.0,0.0,0,0.0,0.0,0.0,,,,0
2026-05-19,Amazon Ridgeland Mississippi,"Buildings 1-4 are operational. Buildings 1-2 had roofs as of 2025-09-21 are likely operational in 5 months, but buildings 3-4 appear about 3 months behind them, suggesting an 8-month total duration.",273.0,171478.51483640424,4,8.715427033000001,5.921567384,2.793859649,,,,339355980861244000000
2027-09-21,Amazon Ridgeland Mississippi,"Buildings 1-14 operational. Buildings 1-4 will likely take over 2 years on this site. By comparison, Buildings 1-7 at the New Carlisle site were completed in less than 1.5 years. Assuming a similar pace, we expect 10 additional buildings to take about 2 years after 2025-09-21. This aligns with [expected completion by 2027](https://www.datacenterdynamics.com/en/news/aws-confirmed-as-company-behind-10bn-mississippi-data-center-development/) and a [permit review document](https://opc.deq.state.ms.us/get_doc.aspx?dt=eparat&id=1747289) from 2025-06-25 for this site, stating the project will take “years” to build.",1008.0,633151.4393959525,14,32.18003827,21.8642488,10.31578947,,,,1.25300669856459e+21
2024-02-09,Anthropic-Amazon Project Rainier New Carlisle Indiana,Land clearing begins in the northern section,0.0,0.0,0,0.0,0.0,0.0,,,,0
2024-06-10,Anthropic-Amazon Project Rainier New Carlisle Indiana,Land clearing begins in the southern section,0.0,0.0,0,0.0,0.0,0.0,,,,0
2025-05-10,Anthropic-Amazon Project Rainier New Carlisle Indiana,Roof complete on building 11,0.0,0.0,0,0.0,0.0,0.0,,,,0
2025-06-23,Anthropic-Amazon Project Rainier New Carlisle Indiana,Buildings 1-7 are operational. Based on all of the roofs being completed for over 5 months.,478.0,300087.4009637075,7,15.251997306,10.36274292,4.889254386,,,,593872966507177000000
2025-09-26,Anthropic-Amazon Project Rainier New Carlisle Indiana,"Roof complete on building 16. Generators are being installed for buildings 8-15. In the north, Building 17 and 18 are under construction. To the south of buildings 8-16, a concrete pad is visible, and an expanded car park next to it.",478.0,300087.4009637075,7,15.251997306,10.36274292,4.889254386,,,,593872966507177000000
2025-10-17,Anthropic-Amazon Project Rainier New Carlisle Indiana,"Confirmation that nearly 500,000 chips are operational, which fits buildings 1-7. In an [interview](https://www.youtube.com/watch?v=jwgW_gHI1Vs&t=220s), AWS CEO says ""they're already running...about 500,000 [Trainium2] chips in Indiana today"".",478.0,300087.4009637075,7,15.251997306,10.36274292,4.889254386,,,,593872966507177000000
2025-11-23,Anthropic-Amazon Project Rainier New Carlisle Indiana,"Buildings 8-11 are operational, given it's been over 6 months since their roofs were complete. This also smoothly interpolates between 500k chips in October and 1M chips by January - points that are based on an [interview](https://www.youtube.com/watch?v=jwgW_gHI1Vs&t=220s) with the AWS CEO.",751.0,471565.91580011166,11,23.967424344999998,16.28431031,7.683114035,,,,933228947368421000000
2026-01-09,Anthropic-Amazon Project Rainier New Carlisle Indiana,"Buildings 12-16 are operational. Expect the roof to be complete for Buildings 17-18, based on Building 7 taking about 4 months to go from starting construction to roof complete.",1092.0,685914.059345619,16,34.861708140000005,23.68626954,11.1754386,,,,1.35742392344498e+21
2026-06-09,Anthropic-Amazon Project Rainier New Carlisle Indiana,"Buildings 17-18 are operational. This is an estimate based on a rule of thumb of ""operational 5 months after roof is complete"".",1229.0,771653.3167638201,18,39.21942165,26.64705323,12.57236842,,,21.0,1.5271019138756e+21
2025-05-31,Coreweave Helios Afton Texas,"The former [crypto mining](https://investor.galaxy.com/news/news-details/2025/Galaxy-Announces-Commitment-with-CoreWeave-to-Host-Additional-Artificial-Intelligence-and-High-Performance-Computing-Infrastructure-at-Helios-Data-Center-Campus/default.aspx) Helios site begins expanding, with land cleared for additional buildings.",0.0,0.0,0,0.0,0.0,0.0,,,,0
2025-08-27,Coreweave Helios Afton Texas,"Backup generator pads and steel framing for chillers are visible, similar to the [3D renderings](https://www.galaxy.com/data-centers).",0.0,0.0,0,0.0,0.0,0.0,,,,0
2026-06-30,Coreweave Helios Afton Texas,"Building 1 operational at full capacity. This corresponds to ""Phase I"", which is [expected](https://investor.galaxy.com/news/news-details/2025/Galaxy-Announces-Third-Quarter-2025-Financial-Results/default.aspx) to be operational by the end of the first half of 2026.",200.0,159551.768236855,1,5.0600000000000005,3.44,1.62,,,,315752949340736000000
2028-01-01,Coreweave Helios Afton Texas,"Building 2 and 3 are operational at full capacity. This corresponds to ""Phase II"", which is [expected](https://investor.galaxy.com/news/news-details/2025/Galaxy-Announces-Third-Quarter-2025-Financial-Results/default.aspx) to be delivered ""throughout 2027"". We assume it takes until the end of 2027 to reach full capacity. Since Phase II adds roughly double the power of Building 1, we also assume there are two buildings added. ",600.0,478655.30471056444,3,15.170000000000002,10.31,4.86,,,,947258848022207000000
2029-01-01,Coreweave Helios Afton Texas,"Building 4 operational at full capacity. This corresponds to ""Phase III"", which is [expected](https://investor.galaxy.com/news/news-details/2025/Galaxy-Announces-Third-Quarter-2025-Financial-Results/default.aspx) to be delivered ""starting in 2028"". We assume it takes until the end of 2028 to reach full capacity.",800.0,638207.072947418,4,20.22,13.74,6.48,,,,1.26301179736294e+21
2025-05-19,Crusoe Goodnight Texas,Land clearing begins,0.0,0.0,0,0.0,0.0,0.0,0.0,,,0
2025-10-16,Crusoe Goodnight Texas,Building 1 and 2 under construction.,0.0,0.0,0,0.0,0.0,0.0,,,,0
2026-06-15,Crusoe Goodnight Texas,"Building 1 operational. First two buildings are [expected to complete construction by Spring 2026](https://web.archive.org/web/20250923144616/https://www.facebook.com/plugins/post.php?href=https%3A%2F%2Fwww.facebook.com%2Farmdems%2Fposts%2Fupdate-on-lima-road-and-the-data-center-from-armstrong-county-democratic-chair-s%2F122148303506797709%2F). We use the midpoint of Spring (2026-04-15) as a best guess for completion. But this is when the buildings are ""turned over to the tenant"", so it might take more time to install the IT equipment - we think about 2 months. So we estimate 2026-06-15. This [regulatory document](https://www.tdlr.texas.gov/TABS/Search/Project/TABS2025027064) lists the completion date for Building 1 as 2026-09-12 but this is probably conservative. ",132.5,124513.12948640122,1,3.945885646,2.680973365,1.264912281,,,,246411483253588000000
2026-08-15,Crusoe Goodnight Texas,"Building 2 operational. The completion date for [Building 2 Tenant Improvement](https://www.tdlr.texas.gov/TABS/Search/Project/TABS2025027065) is 2026-11-07, about 2 months later than Building 1. We therefore add 2 months to the Building 1 operational date.",265.0,249026.25897280342,2,7.8917712909999995,5.36194673,2.529824561,,,,492822966507178000000
2027-07-01,Crusoe Goodnight Texas,"7 buildings operational. Based on (1) a project deadline of EOY 2027 in the [tax abatement doc](https://www.co.armstrong.tx.us/upload/page/5361/Phase%201%20Tax%20Abatement%20Agreement%20-%20Signed.pdf), which seems conservative and (2) the similar 8-building project in Abilene taking an estimated 2 years and 2 months.",927.5,871591.9064048106,7,27.621199525,18.76681356,8.854385965,,,,1.72488038277512e+21
2019-03-26,Google New Albany Ohio,Land clearing begins.,0.0,0.0,0,0.0,0.0,0.0,,,0.0,0
2021-08-27,Google New Albany Ohio,"Building 1 and 2 are operational. According to [Google's report on their data center efficiency](https://datacenters.google/efficiency/), this data center did not have 12 months of PUE data until 4Q2022. This suggests Building 1 was not operational until 3Q2021. 5 more cooling units were added since March 2020, and roofs and generators have been present for both buildings for many months.",136.0,26429.015133299446,2,7.280587735,4.335140764,2.945446971,,,1.389693793,52303020948799600000
2022-04-14,Google New Albany Ohio,First part of Building 3 is operational.,190.0,37000.62118661925,3,10.192822829,6.06919707,4.123625759,,,1.945571311,73224229328319500000
2024-02-18,Google New Albany Ohio,"Building 3 extension is operational, based on ~5 months since roof being completed, and additional cooling units being installed sometime within that period. Building 4 roof complete.",217.0,46431.480796693126,3,11.648940376999999,6.936225223,4.712715154,,,2.223510069,91887900496655700000
2024-07-27,Google New Albany Ohio,"Building 4 operational. This is in between when 6 cooling units were visible as of 2024-04-20, and when the final 7th unit appeared as of 2024-09-13. It's also about 5 months after the roof was complete. Building 5 roof also complete.",312.0,101554.85521757505,4,16.745351791,9.970823758,6.774528033,,,3.196295725,200977058475581000000
2025-03-09,Google New Albany Ohio,"Building 5 and 6 operational, based on all cooling units and tanks installed.",543.0,235425.9073825735,6,29.12235094,17.34056306,11.78178788,,,5.558775173,465907870710113000000
2025-06-01,Google New Albany Ohio,Work is underway on Building 7. Some walls and a few backup generators are in place.,543.0,235425.9073825735,6,29.12235094,17.34056306,11.78178788,,,5.55877517,465907870710113000000
2025-10-14,Google New Albany Ohio,Building 7 roof is half complete. About half of the backup generators are in place. One cooling tower is partly built.,543.0,235425.9073825735,6,29.12235094,17.34056306,11.78178788,,,5.55877517,465907870710113000000
2026-04-01,Google New Albany Ohio,"Building 7 is operational. The roof of building 6 was partially complete as of 2024-07-27, and estimated to be operational as of 2025-03-09. Building 7 roof was partially complete as of 2025-09-02, so assuming the same timeline, it will be operational by 2026-04-01.",679.0,393460.6305265882,7,36.40293867,21.67570382,14.72723485,,,6.948468967,778658587812118000000
2021-11-25,Google Omaha Nebraska,Land clearing begins.,0.0,0.0,0,0.0,0.0,0.0,,,,0
2024-04-08,Google Omaha Nebraska,"Building 1 operational, based on it being 6 months after roof was complete, infrastructure looked complete for 5 months.",95.0,54940.24028659323,1,3.0245168123,2.054963003,0.9695538093,,,,108726735527168000000
2024-07-29,Google Omaha Nebraska,Building 2 has 3 cooling towers installed.,95.0,54940.24028659323,1,3.0245168123,2.054963003,0.9695538093,,,0.088,108726735527168000000
2024-11-19,Google Omaha Nebraska,"Building 2 is operational, based on it being 8 months since the roof was complete, and surrounding infrastructure looks just completed (finishing the cooling towers).",189.0,109880.48057318594,2,6.049033625,4.109926006,1.939107619,,,,217453471054335000000
2025-03-16,Google Omaha Nebraska,Confirmation that there's no obvious construction happening for Building 2. Building 3 roof started.,189.0,109880.48057318594,2,6.049033625,4.109926006,1.939107619,,,,217453471054335000000
2025-04-21,Google Omaha Nebraska,Confident that Building 2 is operational,189.0,109880.48057318594,2,6.049033625,4.109926006,1.939107619,,,,217453471054335000000
2025-10-21,Google Omaha Nebraska,"Building 3 has all backup generators in place but they are still being installed. Two cooling towers have fans on them, with more underway. To the south of Building 3, more land has been cleared and there's a new carpark. This suggests another building will soon start construction.",189.0,109880.48057318594,2,6.049033625,4.109926006,1.939107619,,,,217453471054335000000
2026-05-08,Google Omaha Nebraska,Building 3 is operational. Based on building 2 time from foundation to completion.,284.0,220137.26416203385,3,9.073550437,6.164889009,2.908661428,,,,435651645776665000000
2027-01-24,Google Omaha Nebraska,Building 4 is operational. Expect a 4th building because there's enough land cleared for it. Assuming there's a foundation soon after 2025-09-25 and it takes a similar time to building 2.,379.0,371634.7128429818,4,12.098067249,8.219852012,3.878215237,,,,735465096716261000000
2027-07-26,Google Omaha Nebraska,"Building 5 is operational. We expect a 5th building because there's enough land cleared for one. We assume a roughly 6-month delay between building operation, based on previous building estimates.",474.0,579798.566437908,5,15.122584066,10.27481502,4.847769046,,,,1.14742136298062e+21
2018-09-14,Google Pryor Oklahoma,Land clearing begins for Building 1 and 2,0.0,0.0,0,0.0,0.0,0.0,,,,0
2021-05-20,Google Pryor Oklahoma,"Building 1 and 2 are operational. We set this date to coincide with the announcement of the TPUv4 chip. While the buildings looked complete since late 2020, we [know](https://techcrunch.com/2022/05/11/google-launches-a-9-exaflop-cluster-of-cloud-tpu-v4-pods-into-public-preview/) that this campus had TPUv4 chips by 2022, and Building 3 certainly wasn't complete before 2023. So Building 1 and 2 are the most likely to house TPUv4, and we think Google would wait until they are available before making Building 1 and 2 operational. These buildings share a cooling system, so we believe they went operational around the same time.",130.0,25243.377912259628,2,4.140661166,2.813310698,1.327350468,,,,49956644888361800000
2024-07-19,Google Pryor Oklahoma,"Building 3 is operational, based on default roof-to-operational time.",195.0,62850.85929174836,3,6.210991749,4.219966047,1.991025702,,,2.282739726,124381850538370000000
2025-01-28,Google Pryor Oklahoma,"Building 4 is being retrofitted from a warehouse. The roof is being painted white, and cooling towers and a new substation are being built just south of the building (based on later imagery).",195.0,62850.85929174836,3,6.210991749,4.219966047,1.991025702,,,,124381850538370000000
2025-10-19,Google Pryor Oklahoma,"The new substation for Building 4 looks mostly complete, half of the cooling towers are installed. The black patch in the top left of the building suggests that the new roof is not quite complete.",195.0,62850.85929174836,3,6.210991749,4.219966047,1.991025702,,,,124381850538370000000
2026-05-17,Google Pryor Oklahoma,"Building 4 is operational. It took about 6 months to build the first set of cooling towers and the second set was just starting in October, so that should take until around April 2026. The new roof looked on track to be completed in December and by default we assume operation 5 months after that (i.e. also April 2026). But we estimate that previous buildings on this campus took a month or two longer, so our best estimate is May 2026.",584.0,515686.1487790197,4,18.632975246,12.65989814,5.973077106,,,,1.02054288843368e+21
2024-12-20,Meta Hyperion Holly Ridge Louisiana,Land clearing begins,0.0,0.0,0,0.0,0.0,0.0,,,,0
2025-10-19,Meta Hyperion Holly Ridge Louisiana,"Foundations are underway for the main buildings, and the overall layout aligns with the [architectural renderings](https://engineering.fb.com/2025/09/29/data-infrastructure/metas-infrastructure-evolution-and-the-advent-of-ai/) published in 2025.",0.0,0.0,0,0.0,0.0,0.0,,,,0
2026-12-01,Meta Hyperion Holly Ridge Louisiana,"New [power stations](https://drive.google.com/file/d/1D4eUHwEuirNi0g3IU_xGOti3PcC8fcXi/view?usp=sharing) are in service for a 1.8 GW load at Holly Ridge. However, the data center is still not operational.",0.0,0.0,0,0.0,0.0,0.0,,,,0
2028-01-01,Meta Hyperion Holly Ridge Louisiana,"First phase is operational, based on a [Meta blog post](https://drive.google.com/file/d/1PmFNgOwkPepwjpGIbNUuPJP0LNgIqe7l/view?usp=sharing). We assume that this aligns with the three natural gas turbines being completed, for a total of 2262 MW capacity, but that these turbines have a backup role. This is close to the 1800 MW of load requested from the grid. Meta [claims](https://engineering.fb.com/2025/09/29/data-infrastructure/metas-infrastructure-evolution-and-the-advent-of-ai/) that ""The Hyperion cluster will have a 5-gigawatt capacity once complete"", but so far there is no concrete evidence for this happening at the Holly Ridge site alone.",2262.0,4152951.082055361,9,72.21000000000001,49.06,23.15,4000000.0,,,8.21869019138756e+21
2017-09-27,Meta Prometheus New Albany Ohio,Land clearing begins for Building 1-3,0.0,0.0,0,0.0,0.0,0.0,,,,0
2020-05-19,Meta Prometheus New Albany Ohio,Building 1 operational. Based on our default estimate of roof-to-operational time.,167.0,48516.99866138313,1,5.34,3.63,1.71,,,,96015140350877200000
2021-06-18,Meta Prometheus New Albany Ohio,Building 2 operational. Based on our default estimate of roof-to-operational time.,195.0,56404.368678137944,2,6.21,4.22,1.99,,,,111624245614035000000
2023-03-10,Meta Prometheus New Albany Ohio,Building 3 operational. Based on our default estimate of roof-to-operational time.,249.0,87675.09451233149,3,7.95,5.4,2.55,,,,173509012039904000000
2025-02-02,Meta Prometheus New Albany Ohio,Building 4 operational. Based on our default estimate of roof-to-operational time.,319.0,127687.01806555028,4,10.18,6.92,3.26,,,,252692608751724000000
2025-06-01,Meta Prometheus New Albany Ohio,"Roof complete on Building 8. In the northernmost area, land clearing begins on a new Meta site for Building 19-23",319.0,127687.01806555028,4,10.18,6.92,3.26,,,,252692608751724000000
2025-08-06,Meta Prometheus New Albany Ohio,"Building 5 and 6 operational. Based on our default estimate of roof-to-operational time, and completion of cooling infrastructure.",464.0,274149.91543119506,6,14.82,10.07,4.75,,,,542542682638335000000
2025-09-20,Meta Prometheus New Albany Ohio,Building 7 (QTS) operational. Based on our default estimate of roof-to-operational time.,540.0,350308.43152481964,7,17.23,11.71,5.52,,,,693260385987618000000
2025-10-14,Meta Prometheus New Albany Ohio,"Building 19 (Meta tent) roof is complete. The on-site power at Socrates South and Socrates North has some outlines of gas turbines, to be installed later.",540.0,350308.43152481964,7,18.0,12.0,6.0,,,,693260385987618000000
2025-10-29,Meta Prometheus New Albany Ohio,Building 8 (QTS) operational. Based on our default estimate of roof-to-operational time.,615.0,426466.9476184437,8,19.65,13.35,6.3,,,,843978089336900000000
2025-11-30,Meta Prometheus New Albany Ohio,Building 9 (QTS) operational. Based on our default estimate of roof-to-operational time.,691.0,502625.46371206775,9,22.060000000000002,14.99,7.07,,,,994695792686182000000
2026-02-12,Meta Prometheus New Albany Ohio,Building 10-15 (Meta tents) operational. Based on our default estimate of roof-to-operational time.,891.0,704103.0195153056,15,28.449999999999996,19.33,9.12,,,,1.39341987562079e+21
2026-02-27,Meta Prometheus New Albany Ohio,Building 16 (Vantage) [operational](https://vantage-dc.com/data-center-locations/north-america/new-albany-ohio),981.0,794364.9645151591,16,31.31,21.27,10.04,,,,1.5720482647755e+21
2026-05-28,Meta Prometheus New Albany Ohio,"Building 17 (Vantage) operational, based on it starting construction about 3 months after Building 1.",1070.0,884626.9095150075,17,34.16,23.21,10.95,,,,1.7506766539302e+21
2026-08-26,Meta Prometheus New Albany Ohio,"Building 18 (Vantage) operational, based on it starting construction about 3 months after building 2.",1160.0,974888.854514861,18,37.03,25.16,11.87,,,,1.92930504308491e+21
2026-10-01,Meta Prometheus New Albany Ohio,"Socrates South and Socrates North gas power plants are operational, coinciding with Building 19-23 being operational. Based [on](https://dis.puc.state.oh.us/CaseRecord.aspx?CaseNo=25-0188-EL-BGN) [documents](https://dis.puc.state.oh.us/ViewImage.aspx?CMID=A1001001A25E29B42006E01696) [stating](https://www.williams.com/wp-content/uploads/sites/8/2025/03/Socrates-North-Fact-Sheet-Final-1.pdf) ""late Third or early Fourth Quarter of 2026"", ""late 2026"", ""November 2026"", ""third quarter of 2026"". We assume Socrates North will have 5 tents next to it like Socrates South does.",1360.0,1176366.4103181,23,43.42,29.5,13.92,,,,2.32802912601952e+21
2023-04-09,Microsoft Fairwater Fayetteville Georgia,Land clearing begins for southern part (Building 1-2),0.0,0.0,0,0.0,0.0,0.0,,,,0
2024-12-25,Microsoft Fairwater Fayetteville Georgia,"Building 1 operational, based on it being 6 months since the roof was completed. Mechanical equipment still being installed outside Building 2. ",87.0,75180.91195329207,1,2.38,1.62,0.76,,,,148783024755565000000
2025-04-13,Microsoft Fairwater Fayetteville Georgia,"Building 2 operational, based on chillers being fully installed, and more than 6 months since the roof was completed. Roof of northwestern building completed.",537.0,463497.8907402284,2,14.690000000000001,9.98,4.71,,,,917262325774912000000
2025-08-27,Microsoft Fairwater Fayetteville Georgia,Building 3 operational. Roof of Building 4 is partly installed.,615.0,531160.711498191,3,16.84,11.44,5.4,,,,1.05116704805492e+21
2025-10-14,Microsoft Fairwater Fayetteville Georgia,"Roof of Building 4 is almost complete, mechanical equipment is still being installed.",615.0,531160.711498191,3,16.84,11.44,5.4,,,,1.05116704805492e+21
2026-03-26,Microsoft Fairwater Fayetteville Georgia,"Expect Building 4 building to be operational. This is faster than Building 2, but based on our high-res satellite image, there was more parallel progress on the chillers for the northern building.",1065.0,919477.6902851289,4,29.14,19.8,9.34,,,,1.81964634907427e+21
2023-07-14,Microsoft Fairwater Mount Pleasant Wisconsin,Land clearing begins for Building 1.,0.0,0.0,0,0.0,0.0,0.0,,,0.0,0
2025-09-26,Microsoft Fairwater Mount Pleasant Wisconsin,Building 1 cooling and backup generators all look complete from above but there is still construction visible around the building. Building 2 is well underway with a foundation and a complete substation. Large carpark and concrete area north of Building 2. Building 3 has a concrete foundation and a substation underway.,0.0,0.0,0,0.0,0.0,0.0,,,0.0,0
2026-03-31,Microsoft Fairwater Mount Pleasant Wisconsin,"Building 1 operational. Latest [prediction](https://blogs.microsoft.com/on-the-issues/2025/09/18/made-in-wisconsin-the-worlds-most-powerful-ai-datacenter/) from Microsoft is ""early 2026"" so we conservatively assume end of March.",555.0,558827.6907529056,1,17.71,12.03,5.68,,,0.00771,1.10592e+21
2027-02-04,Microsoft Fairwater Mount Pleasant Wisconsin,"Building 2 operational. This is based on (1) the delay between Building 1 and Building 2 starting land clearing, (2) in March 2025, a Microsoft spokesperson [said](https://www.wpr.org/news/microsoft-pauses-construction-on-parts-of-mount-pleasant-site-again) “fully on track” with the first phase , where “southern datacenter buildings complete, and preparation begins for operations” was [expected](https://local.microsoft.com/blog/mount-pleasant-datacenter-project-update/) by late 2026. Finally, while it's not 100% consistent with our estimates, MISO was [planning](https://cdn.misoenergy.org/NEW%20LOAD%20ANNOUNCEMENTS%20IN%20MISO%20REGIONS%2012062024684954.pdf) 1480 MW of load for Microsoft in Mount Pleasant in 2026.",1109.0,1117655.3815058111,2,35.41,24.06,11.35,,,,2.21184e+21
2027-05-15,Microsoft Fairwater Mount Pleasant Wisconsin,"Building 3 operational. Based on how long Building 1 took from land clearing to operation. Power and compute capacity is uncertain, as it is based on the relative sizing of the buildings and mechanical areas in architectural drawings (see [calculation](https://docs.google.com/spreadsheets/d/10bfo173cjvehaMqextiRGc95lBdPmtZbLDyNvbEN0N0/edit?gid=0#gid=0&range=B40)).",2219.0,3154582.3143001515,3,70.84,48.13,22.71,,,,6.2429184e+21
2027-09-17,Microsoft Fairwater Mount Pleasant Wisconsin,"Building 4 operational. Based on how long Building 1 took from land clearing to operation. Power and compute capacity is uncertain, as it is based on the relative sizing of the buildings and mechanical areas in architectural drawings (see [calculation](https://docs.google.com/spreadsheets/d/10bfo173cjvehaMqextiRGc95lBdPmtZbLDyNvbEN0N0/edit?gid=0#gid=0&range=B40)).",3328.0,5191509.247094492,4,106.25,72.19,34.06,,,0.02313,1.02739968e+22
2024-05-31,OpenAI-Oracle Stargate Abilene Texas,Land clearing begins for northern two buildings (Building 1-2),0.0,0.0,0,0.0,0.0,0.0,0.0,,,0
2025-06-28,OpenAI-Oracle Stargate Abilene Texas,"Building 1 operational. It looks complete including chillers, and it's been 7 months since the roof looked complete. The ""tenant improvement"" work [is not due](https://www.tdlr.texas.gov/TABS/Search/Project/TABS2025000156) until September, but that due date might be conservative for regulatory purposes.",147.0,127337.03890853966,1,4.03,2.74,1.29,484960.0,38120000.0,,252000000000000000000
2025-09-26,OpenAI-Oracle Stargate Abilene Texas,"Building 1 and 2 fully operational, given the chillers look completely installed, the 200 MW substation built in 2022 is available, plus 5x 34-38 MW natural gas turbines looking complete. This is consistent with [Crusoe's impact report](https://cdn.prod.website-files.com/6855c1aa175582ee23e0aa19/68710273a71bb7c11049ba28_Crusoe_Impact_Report_2024.pdf#page=19) from June 2025 saying that 206 MW is expected to be energized in 2025 (unclear if IT power or total facility power, but this normally means IT power). 5 more turbines still under construction. Chillers partly installed for Building 3. Roof complete for Building 4. Larger 1 GW substation not complete yet.",295.0,254674.07781707932,2,8.07,5.48,2.59,969920.0,38120000.0,,504000000000000000000
2026-04-01,OpenAI-Oracle Stargate Abilene Texas,"Building 3 and 4 operational, based on Building 4 construction [end date](https://www.tdlr.texas.gov/TABS/Search/Project/TABS2025014756).",590.0,509348.15563415864,4,16.14,10.97,5.17,1939840.0,38120000.0,,1.008e+21
2026-07-01,OpenAI-Oracle Stargate Abilene Texas,"Building 5-8 operational, based on the latest construction end date ([Building 8](https://www.tdlr.texas.gov/TABS/Search/Project/TABS2025019022)), [news](https://www.enr.com/articles/61133-project-team-pushes-limits-on-abilene-data-center-job).",1180.0,1018696.3112683173,8,32.28,21.93,10.35,3879680.0,38120000.0,,2.016e+21
2027-03-03,OpenAI-Oracle Stargate Abilene Texas,Building 9-10 operational. This date is estimated by comparing the timing of Building 9-10 to the timing of previous buildings.,2121.0,2499217.8641283726,10,58.03,39.43,18.6,,,,4.94595215311005e+21
2025-06-09,OpenAI-Oracle Stargate Abu Dhabi,Land clearing begins for Building 1 and 2,0.0,0.0,0,0.0,0.0,0.0,,,,0
2025-11-16,OpenAI-Oracle Stargate Abu Dhabi,Building 1 and 2 are partly constructed. No clear evidence of more data center buildings starting construction.,0.0,0.0,0,0.0,0.0,0.0,,,,0
2026-12-01,OpenAI-Oracle Stargate Abu Dhabi,"Building 1 and 2 are operational. The similar data center in Ajman, UAE was delayed by over a year, now due in December 2026 (compare [1](https://khaznadatacenters.com/press-release/khazna-expands-infrastructure-to-accelerate-uaes-leadership-in-artificial-intelligence/), [2](https://khaznadatacenters.com/press-release/khazna-announces-the-uaes-first-ai-optimized-data-center-and-the-largest-in-its-portfolio-powering-the-nations-drive-toward-ai-leadership/)). The buildings here looked 3-6 months behind the Ajman building as of November 2025, but they were moving faster. So we think Building 1 and 2 are on track for 200 MW by December 2026.",280.0,252652.85497726125,2,7.67,5.21,2.46,,,,500000000000000000000
2028-01-01,OpenAI-Oracle Stargate Abu Dhabi,"1 GW of IT power is operational. We haven’t seen expansion beyond 200 MW as of November 2025. Optimistically, 8 more 100 MW buildings start construction in December 2025, in parallel, and take 1.5 years like the first two buildings, hitting 1 GW by Q3 2027. More realistically, there's some staggering of construction over several months, like Stargate Abilene. Our median estimate is January 2028.",1400.0,1972095.8957947348,10,38.31,26.03,12.28,,,,3.90277777777778e+21
2024-04-24,xAI Colossus 1 Memphis Tennessee,"Construction starts with a road added on site, retrofitting a former Electrolux building.",0.0,0.0,0,0.0,0.0,0.0,,,,0
2024-08-11,xAI Colossus 1 Memphis Tennessee,First [significant/useful training workload](https://x.ai/colossus) on 25k H100s.,44.0,25000.0,1,1.32,0.9,0.42,,,,49475000000000000000
2024-09-02,xAI Colossus 1 Memphis Tennessee,[100k H100s online](https://archive.is/z39uN).,174.0,100000.0,1,5.29,3.59,1.7,,,,197900000000000000000
2024-11-12,xAI Colossus 1 Memphis Tennessee,,174.0,,1,5.29,3.59,1.7,,,,
2025-02-17,xAI Colossus 1 Memphis Tennessee,"150k H100s and 50k H200s online. This is roughly when Musk [said](https://archive.is/z39uN), plus on this date they [reported]((https://x.ai/colossus)) ""running jobs with 150K+ GPUs"".",349.0,200000.0,1,10.58,7.19,3.39,,,,395800000000000000000
2025-03-06,xAI Colossus 1 Memphis Tennessee,Second substation almost connected (red cables),349.0,,1,10.58,7.19,3.39,,,,
2025-07-22,xAI Colossus 1 Memphis Tennessee,[30k B200s added](https://archive.is/oHQSA) (in GB200 configuration).,424.0,275795.85649317835,1,12.86,8.74,4.12,,,,545800000000000000000
2025-09-17,xAI Colossus 1 Memphis Tennessee,"Third substation looks completed, but it doesn't appear to be connected to the building yet. Some air-cooled chillers removed, while large cooling towers are added. Many of the gas turbines were also removed, and this doesn't seem to be made up for by grid power yet. Based on that, power capacity decreased slightly.",348.0,226552.170741284,1,12.86,8.74,4.12,,,,448346745897001000000
2025-10-19,xAI Colossus 1 Memphis Tennessee,There is still construction visible in the third substation yard and next to the new cooling towers.,348.0,226552.170741284,1,12.86,8.74,4.12,,,,448346745897001000000
2025-11-07,xAI Colossus 1 Memphis Tennessee,"Third substation was [expected](https://www.mlgw.com/images/content/files/pdf/new/5-5-25%20xAI%20Update.pdf) to power the building in ""Fall"", so we date this in the middle of Fall. We expect the 12 generators from 2025-09-17 are still present and in use.",498.0,275795.85649317835,1,15.12,10.27,4.85,,,,545800000000000000000
2025-02-28,xAI Colossus 2 Memphis Tennessee,Land clearing begins next to the existing building.,0.0,0.0,0,0.0,0.0,0.0,,,,0
2025-09-08,xAI Colossus 2 Memphis Tennessee,"Battery facility connected to the building. 121 air-cooled chillers installed, which could support 200 MW. In the Duke faciltiy in nearby Mississippi, several natural gas turbines are in place but not fully connected up.",0.0,0.0,0,0.0,0.0,0.0,,,,0
2025-10-19,xAI Colossus 2 Memphis Tennessee,"Battery facility looks complete (though more might be added). Turbines look connected up, minimal construction around them. Based on this, and on [earlier](https://x.com/elonmusk/status/1947715674429919279) [tweets](https://x.com/elonmusk/status/1950251710141567110) from Elon Musk, 110,000 NVIDIA GB200 GPUs are operational.",276.0,277918.1404749874,1,8.807369999999999,5.984036667,2.823333333,,,,550000000000000000000
2026-02-17,xAI Colossus 2 Memphis Tennessee,"The facility is at the full ~1 gigawatt, 550,000 GPU capacity that was planned as of mid-2025. The timing is based on the later end of Musk's [prediction](https://www.cnbc.com/2025/05/20/cnbc-transcript-elon-musk-sits-down-for-secondary-interview-with-cnbcs-david-faber-live-on-cnbc-today-.html) of 9 months after May 2025.",1379.0,1389590.7023749368,1,44.03685,29.92018333,14.11666667,,,,2.75e+21
